<FluentXMLReport>
<version>
Fluent
Version: 2d, dp, pbns, eulerian, sstkw, transient (2d, double precision, pressure-based, Eulerian, SST k-omega, transient)
Release: 23.2.0
Title: 
</version>

<Models>

Models
------

   Model                        Settings                       
   ---------------------------------------------------------
   Space                        2D                             
   Time                         Unsteady, 1st-Order Implicit   
   Viscous                      SST k-omega turbulence model   
   Multiphase k-omega Models    Mixture k-omega                
   Heat Transfer                Disabled                       
   Solidification and Melting   Disabled                       
   Species                      Disabled                       
   Coupled Dispersed Phase      Enabled                        
   NOx Pollutants               Disabled                       
   SOx Pollutants               Disabled                       
   Soot                         Disabled                       
   Mercury Pollutants           Disabled                       
   Structure                    Disabled                       
   Acoustics                    Disabled                       
   Eulerian Wall Film           Disabled                       
   Potential/Electrochemistry   Disabled                       
   Multiphase                   Eulerian                       

</Models>

<MaterialProperties>
Material Properties
-------------------

   Material: snow (inert-particle)

      Property             Units      Method     Value(s)   
      ---------------------------------------------------
      Density              kg/m^3     constant   0.1        
      Cp (Specific Heat)   J/(kg K)   constant   1680       

   Material: air (fluid)

      Property               Units      Method     Value(s)     
      -------------------------------------------------------
      Density                kg/m^3     constant   1.225        
      Cp (Specific Heat)     J/(kg K)   constant   1006.43      
      Thermal Conductivity   W/(m K)    constant   0.0242       
      Viscosity              kg/(m s)   constant   1.7894e-05   
      Molecular Weight       kg/kmol    constant   28.966       

   Material: aluminum (solid)

      Property               Units      Method     Value(s)   
      -----------------------------------------------------
      Density                kg/m^3     constant   2719       
      Cp (Specific Heat)     J/(kg K)   constant   871        
      Thermal Conductivity   W/(m K)    constant   202.4      

</MaterialProperties>

<CellZoneConditions>
Cell Zone Conditions
--------------------

   Zones

      name                      id   type    
      ------------------------------------
      fff_surface (mixture)     2    fluid   
      fff_surface (air)         2    fluid   
      fff_surface (snowflake)   2    fluid   

   Setup Conditions

      fff_surface (mixture)

         Condition       Value   
         ---------------------
         Frame Motion?   no      
         Mesh Motion?    no      

      fff_surface (air)

         Condition   Value   
         -----------------

      fff_surface (snowflake)

         Condition   Value   
         -----------------

</CellZoneConditions>

<BoundaryConditions>
Boundary Conditions
-------------------

   Zones

      name                           id   type              
      ---------------------------------------------------
      inlet (mixture)                5    velocity-inlet    
      inlet (air)                    5    velocity-inlet    
      inlet (snowflake)              5    velocity-inlet    
      outlet (mixture)               6    pressure-outlet   
      outlet (air)                   6    pressure-outlet   
      outlet (snowflake)             6    pressure-outlet   
      chamber (mixture)              7    wall              
      chamber (air)                  7    wall              
      chamber (snowflake)            7    wall              
      cone (mixture)                 8    wall              
      cone (air)                     8    wall              
      cone (snowflake)               8    wall              
      wall-fff_surface (mixture)     9    wall              
      wall-fff_surface (air)         9    wall              
      wall-fff_surface (snowflake)   9    wall              

   Setup Conditions

      inlet (mixture)

         Condition   Value   
         -----------------

      inlet (air)

         Condition                  Value   
         --------------------------------
         Velocity Magnitude [m/s]   5.5     

      inlet (snowflake)

         Condition   Value   
         -----------------

      outlet (mixture)

         Condition   Value   
         -----------------

      outlet (air)

         Condition   Value   
         -----------------

      outlet (snowflake)

         Condition   Value   
         -----------------

      chamber (mixture)

         Condition                Value               
         ------------------------------------------
         Wall Motion              Stationary Wall     
         Wall Surface Roughness   rough-bc-standard   

      chamber (air)

         Condition                  Value     
         ----------------------------------
         Shear Boundary Condition   No Slip   

      chamber (snowflake)

         Condition                  Value     
         ----------------------------------
         Shear Boundary Condition   No Slip   

      cone (mixture)

         Condition                Value               
         ------------------------------------------
         Wall Motion              Stationary Wall     
         Wall Surface Roughness   rough-bc-standard   

      cone (air)

         Condition                  Value     
         ----------------------------------
         Shear Boundary Condition   No Slip   

      cone (snowflake)

         Condition                  Value     
         ----------------------------------
         Shear Boundary Condition   No Slip   

      wall-fff_surface (mixture)

         Condition                Value               
         ------------------------------------------
         Wall Motion              Stationary Wall     
         Wall Surface Roughness   rough-bc-standard   

      wall-fff_surface (air)

         Condition                  Value     
         ----------------------------------
         Shear Boundary Condition   No Slip   

      wall-fff_surface (snowflake)

         Condition                  Value     
         ----------------------------------
         Shear Boundary Condition   No Slip   

</BoundaryConditions>

<SolverSettings>
Solver Settings
---------------

   Equations

      Equation          Solved   
      ------------------------
      Flow              yes      
      Volume Fraction   yes      
      Turbulence        yes      

   Numerics

      Numeric                         Enabled   
      ---------------------------------------
      Absolute Velocity Formulation   yes       

   Unsteady Calculation Parameters

                                       
      ------------------------------
      Number of Time Steps       100   
      Time Step Size [s]         0.1   
      Max Iterations/Time Step   20    

   Under-Relaxation Factors

      Variable                    Relaxation Factor   
      ---------------------------------------------
      Pressure                    0.3                 
      Density                     1                   
      Body Forces                 1                   
      Momentum                    0.7                 
      Volume Fraction             0.5                 
      Granular Temperature        0.2                 
      Turbulent Kinetic Energy    0.8                 
      Specific Dissipation Rate   0.8                 
      Turbulent Viscosity         1                   
      Discrete Phase Sources      0.9                 

   Linear Solver

      Variable                    Solver Type   Termination Criterion   Residual Reduction Tolerance   
      ----------------------------------------------------------------------------------------------
      Pressure                    V-Cycle       0.1                                                    
      X-Momentum                  Flexible      0.1                     0.7                            
      Y-Momentum                  Flexible      0.1                     0.7                            
      Volume Fraction             Flexible      0.1                     0.7                            
      Turbulent Kinetic Energy    Flexible      0.1                     0.7                            
      Specific Dissipation Rate   Flexible      0.1                     0.7                            

   Pressure-Velocity Coupling

      Parameter   Value                  
      --------------------------------
      Type        Phase Coupled SIMPLE   

   Discretization Scheme

      Variable                    Scheme               
      ----------------------------------------------
      Pressure                    PRESTO!              
      Momentum                    First Order Upwind   
      Volume Fraction             First Order Upwind   
      Turbulent Kinetic Energy    First Order Upwind   
      Specific Dissipation Rate   First Order Upwind   

   Solution Limits

      Quantity                                 Limit    
      -----------------------------------------------
      Minimum Absolute Pressure [Pa]           1        
      Maximum Absolute Pressure [Pa]           5e+10    
      Minimum Static Temperature [K]           1        
      Maximum Static Temperature [K]           5000     
      Minimum Turb. Kinetic Energy [m^2/s^2]   1e-14    
      Minimum Spec. Dissipation Rate [s^-1]    1e-20    
      Maximum Turb. Viscosity Ratio            100000   

</SolverSettings>

</FluentXMLReport>